aadhaar_id,name,dob
482910375624,Arjun Sharma,1988-05-14
903812467159,Priya Verma,1992-11-03
716493802541,Rahul Singh,1985-07-22
294760138562,Neha Gupta,1990-01-18
650298173405,Amit Kumar,1978-09-30
130984276519,Anita Desai,1983-03-12
879320465718,Rohit Mehra,1995-12-25
507316842950,Sunita Joshi,1972-06-08
368201945763,Vikram Iyer,1989-04-27
945718620357,Shreya Nair,1993-10-10
128945730462,Kunal Malhotra,1981-02-05
760193845271,Nikita Rao,1997-08-19
543210987654,Manish Tiwari,1975-12-01
219876543210,Divya Kapoor,1991-09-09
807654321098,Sachin Patil,1986-04-04
372615940826,Ayesha Khan,1994-06-21
460298175340,Devesh Pandey,1980-03-03
591730264819,Meera Krishnan,1987-07-11
640297135802,Sandeep Reddy,1979-10-29
713509482601,Anjali Menon,1996-05-06
904562871350,Harsh Vardhan,1982-01-23
835710296450,Swati Chaturvedi,1990-09-15
620497381502,Abhishek Goyal,1984-12-18
750291864305,Pooja Sinha,1998-02-27
310984275619,Akash Jain,1993-11-08
498267310592,Deepika Pillai,1981-05-01
572903461820,Naveen Shetty,1977-07-17
683920147536,Kirti Agarwal,1995-03-29
792604183520,Prateek Batra,1988-08-08
869530274160,Sneha Kulkarni,1992-04-15
905731642580,Rishi Bhandari,1983-10-20
217639504826,Komal Arora,1997-12-09
346291705842,Aditya Mukherjee,1976-06-16
421759603842,Ishita Bose,1991-01-30
563980142765,Varun Chopra,1989-09-02
638205174903,Palak Soni,1994-12-12
702419568301,Devansh Saxena,1982-03-21
819265043750,Simran Kaur,1996-10-05
934850176203,Parth Deshmukh,1980-08-28
105726943820,Ankita Bhatt,1987-02-14
246813579024,Sourav Dutta,1979-05-19
357924680135,Monika Yadav,1990-07-07
468035791246,Arnav Kapoor,1993-03-03
579146802357,Vaishali Jadhav,1985-11-27
680257913468,Rajat Chawla,1997-09-18
791368024579,Saloni Mathur,1984-04-09
802479135680,Hitesh Arora,1978-12-31
913580246791,Veena Ramaswamy,1995-06-26
024691357902,Arpit Shukla,1981-10-13
135792468013,Trisha Banerjee,1992-02-02
246897531024,Kartik Iyer,1986-01-01
